{
    "method1":
    {
        "etime": { "mean": 10.805869851299999, "std": 0.02286071266500484 },
        "rss": { "mean": 2022.672, "std": 0.3245692301885378 },
        "heapTotal": { "mean": 1789.7649999999999, "std": 0.2358658857261531 },
        "heapUsed": { "mean": 1765.4569999999999, "std": 0.004458311699493474 },
        "external": { "mean": 168.52, "std": 0 }
    },
    "method2":
    {
        "etime": { "mean": 12.731512990799999, "std": 0.09571767361668473 },
        "rss": { "mean": 2111.867, "std": 0.6598878505539024 },
        "heapTotal": { "mean": 1793.6899999999998, "std": 0.5708992257184502 },
        "heapUsed": { "mean": 1767.991, "std": 0.31359504436748115 },
        "external": { "mean": 252.7, "std": 0 }
    },
    "method3":
    {
        "etime": { "mean": 12.9401110681, "std": 0.08897204272080396 },
        "rss": { "mean": 2112.248, "std": 0.1837255064720279 },
        "heapTotal": { "mean": 1793.4649999999997, "std": 0.22308858894734737 },
        "heapUsed": { "mean": 1767.509, "std": 0.06317621837291444 },
        "external": { "mean": 252.7, "std": 0 }
    },
    "method4":
    {
        "etime": { "mean": 13.589715159899999, "std": 0.01605568594540911 },
        "rss": { "mean": 2114.3810000000003, "std": 0.10087824221845722 },
        "heapTotal": { "mean": 1796.0649999999998, "std": 0.08286907716764609 },
        "heapUsed": { "mean": 1768.232, "std": 0.08986684251000226 },
        "external": { "mean": 252.7, "std": 0 }
    }
}

